date,infection,lab,recovered,dead,news
2020-05-28,942,42009,128,,"По данным Управления Роспотребнадзора по РТ и Минздрава РТ в Республике Тыва за весь период проведено 42 009 лабораторных исследований. Выявлено 942 случая заболевания COVID-19 в Республике Тыва. Выписано в связи с выздоровлением 128 пациентов. Умерло за весь период по результатам патологоанатомической экспертизы от covid - 2.За сутки выявлено 66 случаев заболевания.В инфекционных отделениях медицинских организаций районов республики c covid-19 находится всего 149 человек, в том числе в Барун-Хемчикском районе – 6, Бай-Тайгинском – 2, Монгун-Тайгинском - 3, Дзун-Хемчикском – 4, Каа-Хемском – 25, Пий-Хемском – 2, Тандинском - 13, Тес-Хемском – 13, Улуг-Хемском – 41, Эрзинском – 2, Овюрском – 1, Кызылском – 36, Сут-Хольском - 1.К увлаженному кислороду подключено 18 больных, всего к кислороду подключено 41 человек с covid. К аппарату ИВЛ подключено 3 пациента, к НИВЛ - 1. Всего 313 отягощенных пневмонией случаев заболевания covid.#Стопкоронавирус#Здоровьевприоритете#Оперативнаяобстановка "
2020-05-27,876,39634,111,,"По данным Управления Роспотребнадзора по РТ и Минздрава РТ в Республике Тыва за весь период проведено 39 634 лабораторных исследований. Выявлено 876 случаев заболевания COVID-19 в Республике Тыва. Выписаны в связи с выздоровлением 111 пациентов. В активной форме заболевания находится 761 человек. Умерло за весь период по результатам патологоанатомической экспертизы от covid -2, на экспертизе – 2.За сутки выявлено 58 случаев заболевания – второй день на одном уровне.В инфекционных отделениях медицинских организаций районов республики c covid-19 находится всего 120 человек, в том числе в Барун-Хемчикском районе – 2, Бай-Тайгинском – 2, Монгун-Тайгинском - 4, Дзун-Хемчикском – 4, Каа-Хемском – 24, Пий-Хемском – 2, Тандинском - 9, Тес-Хемском - 14, Улуг-Хемском – 33, Эрзинском – 2, Овюрском – 1, Кызылском – 23.К увлаженному кислороду подключено 26 больных, всего к кислороду подключено 50 человек с covid. К аппарату ИВЛ подключен 1 пациент, к НИВЛ - 1. Всего 269 отягощенных пневмонией случаев заболевания, в том числе у 14 детей и 1 беременной женщины.#Стопкоронавирус#Здоровьевприоритете#Оперативнаяобстановка "
2020-05-26,818,38471,92,4,"По данным Управления Роспотребнадзора по РТ и Минздрава РТ в Республике Тыва за весь период проведено 38 471 лабораторных исследований. Выявлено 818 случаев заболевания COVID-19 в Республике Тыва. Выписаны в связи с выздоровлением 92 пациента. В активной форме заболевания находится 722 человек. За весь период зарегистрировано 4 случая смерти, в том числе по результатам патологоанатомической экспертизы от covid - 2, от сопутствующих заболеваний при установленном диагнозе covid – 2 человека.За сутки выявлено 58 случаев заболевания.В инфекционных отделениях медицинских организаций районов республики c covid-19 находится всего 67 человек, в том числе в Барун-Хемчикском районе – 2, Бай-Тайгинском – 2, Монгун-Тайгинском - 4, Дзун-Хемчикском – 3, Пий-Хемском – 1, Тандинском - 7, Тес-Хемском - 8, Улуг-Хемском – 24, Эрзинском – 2, Овюрском – 1, Кызылском – 13.К увлаженному кислороду подключено 53 больных с covid. К аппарату ИВЛ подключен 1 пациент, к НИВЛ - 1. Всего 269 отягощенных пневмонией случаев заболевания, в том числе у 14 детей и 1 беременной женщины.#Стопкоронавирус#Здоровьевприоритете#Оперативнаяобстановка "
2020-05-25,760,37265,84,,"По данным Управления Роспотребнадзора по РТ и Минздрава РТ в Республике Тыва за весь период проведено 37 265 лабораторных исследований. По результатам активных противоэпидемических действий выявлено 760 случаев заболевания COVID-19 в Республике Тыва. Выписаны в связи с выздоровлением 84 пациента. В активной форме заболевания находится 674 человек. За весь период зарегистрирован один летальный случай от covid, по одному случаю проводится патологоанатомическая экспертиза по установлению причины смерти.За сутки выявлено 54 случая заболевания. В инфекционных отделениях медицинских организаций районов республики c covid-19 находится всего 51 человек, в том числе в Барун-Хемчикском районе – 2, Бай-Тайгинском – 2, Монгун-Тайгинском - 4, Дзун-Хемчикском – 3, Пий-Хемском – 1, Тандинском - 7, Тес-Хемском - 8, Улуг-Хемском – 12, Эрзинском – 2, Овюрском – 1, Кызылском – 9.К увлаженному кислороду подключено 51 больных с covid. К аппарату ИВЛ подключен 1 пациент, к НИВЛ - 1. Всего 242 отягощенных пневмонией случаев заболевания, в том числе у 13 детей и 1 беременной женщины. Коечный фонд на 24 мая составил 768 единиц, развернуты дополнительные койки в инфекционном госпитале, инфекционной больнице, противотуберкулезном диспансере, перинатальном центре и медорганизациях кожуунов. #Стопкоронавирус#Здоровьевприоритете#Оперативнаяобстановка "
2020-05-24,11,32635,83,,"По данным Управления Роспотребнадзора по РТ и Минздрава РТ в Республике Тыва за весь период проведено 32 635 лабораторных исследований. За сутки в трех лабораториях Минздрава РТ проведено 1 123. По результатам активных противоэпидемических действий выявлено 706 случаев заболевания COVID-19 в Республике Тыва. Выписаны в связи с выздоровлением 83 пациента, в том числе 9 детей и 2 беременных женщины. В активной форме заболевания находится 621 человека. За весь период зарегистрирован один летальный случай от covid, по одному случаю проводится патологоанатомическая экспертиза по установлению причины смерти.За сутки выявлено 78 случая заболевания. Прирост отмечен за счет лиц с признаками ОРВИ - 13 случаев, а также медицинского персонала, контактов с рынка «Элбек», предприятия Тардан Голд, госслужащих. Выявлено 11 случаев заболевания детей, по два случая лиц в возрасте 60 плюс и 65 плюс. В инфекционных отделениях медицинских организаций районов республики c covid-19 находится всего 44 человек, в том числе в Барун-Хемчикском районе – 2, Бай-Тайгинском – 1, Монгун-Тайгинском - 4, Дзун-Хемчикском – 2, Пий-Хемском – 1, Тандинском - 6, Тес-Хемском - 8, Улуг-Хемском – 11, Эрзинском – 2, Овюрском – 1, Кызылском – 6.К увлаженному кислороду подключено 50 больных. К аппарату ИВЛ подключен один пациент. Всего 287 отягощенных пневмонией случаев заболевания. "
2020-05-23,52,31512,74,,"По данным Управления Роспотребнадзора по РТ и Минздрава РТ в Республике Тыва за весь период проведено 31 512 лабораторных исследований. По результатам активных противоэпидемических действий выявлен 628 случай заболевания COVID-19 в Республике Тыва. Выписан в связи с выздоровлением 74 пациент, в том числе 9 детей. В активной форме заболевания находится 553 человека. За весь период зарегистрирован 1 летальный случай от covid.За сутки выявлено 52 случая заболевания. Коэффициент распространения составил 1,4 при норме 1,0. В инфекционных отделениях медицинских организаций районов республики c covid-19 находится всего 39 человек, в том числе в Барун-Хемчикском районе – 2, Бай-Тайгинском – 1, Монгун-Тайгинском - 4, Дзун-Хемчикском – 2, Пий-Хемском – 1, Тандинском - 4, Тес-Хемском - 5, Улуг-Хемском – 11, Эрзинском – 2, Овюрском – 1, Кызылском – 6. К увлаженному кислороду подключено 47 больных. К аппарату НИВЛ подключен один пациент. Всего 254 случаев пневмонии, в том числе с covid - 222.  Продолжаются карантинные меры в Монгун-Тайгинском кожууне, с. Межегей Тандынского кожууна, с. Хандагайты и с. Солчур Овюрского кожууна, с. Шуурмак Тес-Хемского кожууна. #Стопкоронавирус #Здоровьевприоритете #Оперативнаяобстановка "
2020-05-22,46,30771,64,1,"По данным Управления Роспотребнадзора по РТ и Минздрава РТ в Республике Тыва за весь период проведено 30 771 лабораторных исследований. По результатам активных противоэпидемических действий выявлен 576 случай заболевания COVID-19 в Республике Тыва. Выписано в связи с выздоровлением 64 пациента, в том числе 9 детей. В активной форме заболевания находится 511 человек. Зарегистрирован один летальный случай за весь период.За сутки выявлено 46 случаев. Количество контактных лиц за все время составило 4 795 человек. В инфекционных отделениях медицинских организаций районов республики c covid-19 находится всего 34 человека, в том числе в Барун-Хемчикском ММЦ – 2, Бай-Тайгинской ЦКБ – 1, Монгун-Тайгинской - 4, Пий-Хемской – 1, Тандинской - 2, Тес-Хемской - 5, Улуг-Хемском ММЦ – 10, Эрзинской ЦКБ – 2, Овюрской – 1, Кызылской – 6. Дополнительное стационарное отделение для лечения больных новой коронавирусной инфекцией на 88 коек создано по адресу Ленина 44. Госпитализировано в новое отделение семь человек. Напомним, что создана 31 дополнительная койка также в госпитале на базе терапевтического корпуса. Всего во всех медицинских организациях создана 441 дополнительная койка, что в сумме составило 786 инфекционных коек в республике для оказания специализированной медицинской помощи больным новой коронавирусной инфекцией. Продолжаются карантинные меры в Монгун-Тайгинском кожууне, с. Межегей Тандынского кожууна, с. Хандагайты и с. Солчур Овюрского кожууна, с. Шуурмак Тес-Хемского кожууна.В реанимационных отделениях двух госпиталей находится 26 пациентов, в том числе с covid - 23, подключены к кислороду – 23, к увлаженному кислороду – 24 больных. К аппарату неинвазивного аппарата ИВЛ подключен один пациент. Всего 226 случаев пневмонии, в том числе с covid - 207. #Стопкоронавирус#Здоровьевприоритете#Оперативнаяобстановка "
2020-05-21,79,29921,63,1,"По данным Управления Роспотребнадзора по РТ и Минздрава РТ в Республике Тыва за весь период проведено 29 921 лабораторных исследований. По результатам активных противоэпидемических действий выявлен 530 случай заболевания COVID-19 в Республике Тыва. Выписано в связи с выздоровлением 63 пациента. В активной форме заболевания находится 466 человек. Зарегистрирован один летальный случай за весь период.За сутки выявлено 79 случаев. Новые случаи выявлены за счет активных противоэпидемических мер по выявлению и тестированию контактов больных в коллективах компании Тардан Голд, Республиканской больницы №1, рынке «Элбек», а также среди прибывших из Санкт-Петербурга и Москвы, в селе Межегей и других контактов с очагов инфекции. В компании Тардант Голд первый заболевший уже выписан с выздоровлением. Среди его контактных лиц выявлено еще 16 человек, для которых созданы условия для изоляции на территории предприятия. У всех изолированных заболевание протекает бессимптомно. Для оказания медицинской помощи больным на территорию компании командирован врач Каа-Хемской ЦКБ, которой помогают два штатных фельдшера компании. У предприятия в достаточном количестве имеются дезинфицирующие средства для поддержания санитарно-эпидемиологической безопасности и скорейшей локализации заболевания. Продолжился рост внутрисемейных случаев распространения наряду с высоким индексом активности населения при сохраняющемся в республике режиме повышенной готовности и строгого масочного режима. С учетом продолжающегося роста заболеваемости республиканским штабом по противодействию новому коронавирусу принято решение об усилении контроля за режимом самоизоляции среди населения с применением штрафных санкций. На лечении находится 49 детей и шесть беременных женщин с covid. В инфекционных отделениях медицинских организаций районов республики c covid-19 находится всего 23 человека, в том числе в Барун-Хемчикском ММЦ – 1, Бай-Тайгинской ЦКБ – 1, Монгун-Тайгинской ЦКБ, Пий-Хемской – 1, Тандинской - 2, Тес-Хемской ЦКБ - 3 человека, Улуг-Хемском ММЦ – 7, Кызылской ЦКБ – 3, Эрзинской – 1, Овюрской - 1. Характер протекания болезни у пациентов кожуунных медицинских организаций характеризуется, как легкий.Продолжаются карантинные меры в Монгун-Тайгинском кожууне, с. Межегей Тандынского кожууна, с. Хандагайты и с. Солчур Овюрского кожууна, с. Шуурмак Тес-Хемского кожууна.В реанимационных отделениях двух госпиталей находится 25 пациентов, в том числе с covid - 21, подключены к кислороду – 20, к увлаженному кислороду – 27 больных. К аппарату неинвазивного аппарата ИВЛ подключен один пациент. Всего 206 случаев пневмонии, в том числе с covid - 190.  #Стопкоронавирус#Здоровьевприоритете #Оперативнаяобстановка "
2020-05-20,44,29342,62,1,"По данным Управления Роспотребнадзора по РТ и Минздрава РТ в Республике Тыва за весь период проведено 29 342 лабораторных исследований. По результатам активных противоэпидемических действий выявлен 451 случай заболевания COVID-19 в Республике Тыва. Выписано в связи с выздоровлением 62 пациента. В активной форме заболевания находится 388 человек. Зарегистрирован один летальный случай за весь период.За сутки выявлено 44 случаев. Отмечен рост внутрисемейных случаев распространения наряду с высоким индексом активности населения. Между тем режим повышенной готовности в Республике Тыва и строгий масочный режим сохраняется. В инфекционных отделениях медицинских организаций районов c covid-19 находится всего 15 человек, в том числе в Барун-Хемчикском ММЦ – один, Монгун-Тайгинской ЦКБ - 3, Пий-Хемской – 1, Тандинской, Тес-Хемской ЦКБ по два человека, Улуг-Хемском ММЦ – пять, Кызылской ЦКБ - 1. Коечный фонд Кызылской ЦКБ перепрофилирован на лечение больных covid в легкой форме. Продолжаются карантинные меры в Монгун-Тайгинском кожууне, с. Межегей Тандынского кожууна, с. Хандагайты и с. Солчур Овюрского кожууна, с. Шуурмак Тес-Хемского кожууна. В реанимационных отделениях двух госпиталей находится 18 пациентов, подключены к кислороду - 29. Подключенных к аппарату ИВЛ нет. Всего 168 случай covid, отягощенных пневмонией. #Стопкоронавирус#Здоровьевприоритете #Оперативнаяобстановка "
2020-05-19,407,28636,62,1,"По данным Управления Роспотребнадзора по РТ и Минздрава РТ в Республике Тыва за весь период проведено 28 636 лабораторных исследований. По результатам активных противоэпидемических действий выявлено 407 случаев заболевания COVID-19 в Республике Тыва. Выписано в связи с выздоровлением 62 пациента. В активной форме заболевания находится 344 человек. Зарегистрирован один летальный случай за весь период.За сутки выявлено 56 случаев. Прирост произошел за счёт активных выявлений контактов на рынке «Элбек» и других контактов с больными, еженедельного тестирования медицинского персонала. Коэффициент распространения заболевания составляет 1,09 при норме 1,0. В инфекционных отделениях медицинских организаций районов c covid-19 находится всего 12 человек, в том числе в Барун-Хемчикском ММЦ – один, Монгун-Тайгинской, Тандинской, Тес-Хемской ЦКБ по два человека, Улуг-Хемском ММЦ – пять. Продолжаются карантинные меры в Монгун-Тайгинском кожууне, с. Межегей Тандынского кожууна, с. Хандагайты Овюрского кожууна, с. Шуурмак Тес-Хемского кожууна. На карантин закрыто также с. Солчур Овюрского кожууна.В реанимационных отделениях двух госпиталей находится 31 пациент, все подключены к кислороду. Подключенных к аппарату ИВЛ нет. Всего 128 случай covid, отягощенных пневмонией.Всего в инфекционных отделениях республики на лечении находится 331 человек. За все время вылечено 220 человек.В обсерваторах находится 140 человек.#Стопкоронавирус#Здоровьевприоритете #Оперативнаяобстановка  "
2020-05-18,351,27943,56,1,"По данным Управления Роспотребнадзора по РТ и Минздрава РТ в Республике Тыва за весь период проведено 27943 лабораторных исследований, по результатам которых выявлено 351 случаев заболевания COVID-19 в Республике Тыва. Выписано в связи с выздоровлением 56 пациента. В активной форме заболевания находится 294 человек, в том числе у 129 пациентов состояние осложнено пневмонией. Зарегистрирован один летальный случай за весь период.В реанимационных отделениях двух госпиталей находится семьнадцать пациентов. Подключенных к аппарату ИВЛ нет. К кислороду подключены 26 человек.Всего в инфекционных отделениях республики на лечении находится 296 человек. Случаи заболевания новой коронавирусной инфекцией зарегистрированы также в кожуунах - в Тандынском два, Ак-Довураке один, в Овюрском два, Улуг-Хемском пять, Монгун-Тайгинском один человек. Четыре пациента из Монгун-Тайгинского района транспортированы в Кызыл. Введены ограничения на въезд и выезд на территориях села Хандагайты Овюрского, Шуурмак Тес-Хемского кожуунов. Продолжаются карантинные меры также в Монгун-Тайгинском кожууне и селе Межегей Тандынского кожууна. В обсерваторах находится 193 человек. #Стопкоронавирус#Здоровьевприоритете #Оперативнаяобстановка "
2020-05-17,299,20972,54,1,"По данным Управления Роспотребнадзора по РТ и Минздрава РТ в Республике Тыва за весь период проведено 20 972 лабораторных исследований, по результатам которых выявлено 299 случаев заболевания COVID-19 в Республике Тыва. Суточный прирост составил 30 случаев. Выписано в связи с выздоровлением 54 пациента. В активной форме заболевания находится 244 человек. Зарегистрирован один летальный случай за весь период.В реанимационных отделениях двух госпиталей находится пятнадцать пациентов. Подключенных к аппарату ИВЛ нет. Всего 93 случай пневмонии, в том числе с covid – 88.Всего в инфекционных отделениях республики на лечении находится 277 человек. За все время вылечено 211 человек. В обсерваторах находится 188 человек. "
2020-05-16,269,20250,49,1,"По данным Управления Роспотребнадзора по РТ и Минздрава РТ в Республике Тыва за весь период проведено 20250 лабораторных исследований, по результатам которых выявлено 269 случая заболевания COVID-19 в Республике Тыва. Суточный прирост составил 17 человек со снижением к предыдущему периоду на 38 человек. Выписано в связи с выздоровлением 49 пациентов. В активной форме заболевания находится 219 человек. Зарегистрирован один летальный случай за весь период. В реанимационных отделениях двух госпиталей находится пять пациентов, все подключены к кислороду. Подключенных к аппарату ИВЛ нет. Всего 91 случай пневмонии, в том числе с covid – 85. Всего в инфекционных отделениях республики на лечении находится 230 человек с ОРВИ, пневмонией и новой коронавирусной инфекцией, в том числе с covid в Барун-Хемчикском ММЦ один пациент, в Монгун-Тайгинском кожууне – пять пациентов. Состояние больных в данных медицинских организациях удовлетворительное. В селе Межегей Тандынского кожууна в настоящее время больных с covid-19 нет, все доставлены в инфекционный госпиталь в Кызыле. В обсерваторах находится 189 человек. "
2020-05-15,252,19531,46,1,"По данным Управления Роспотребнадзора по РТ и Минздрава РТ в Республике Тыва за весь период проведено 19 531 лабораторных исследований, по результатам которых выявлено 252 случая заболевания COVID-19 в Республике Тыва. Выписано в связи с выздоровлением 46 пациентов. В активной форме заболевания находится 205 человек. Зафиксирован один случай летальности.В реанимационных отделениях двух госпиталей находится пять пациентов, все подключены к кислороду. Подключенных к аппарату ИВЛ нет. Отмечено 69 отягощенных пневмонией случаев, в том числе у 9-месячного ребенка.Всего в инфекционных отделениях республики на лечении находится 230 человек с ОРВИ, пневмонией и новой коронавирусной инфекцией, в том числе в Барун-Хемчикском ММЦ – 7 (в т.ч. 1 с Covid), Бай-Тайгинской ЦКБ – 1, Монгун-Тайгинской ЦКБ – 5 ( c Covid), Дзун-Хемчикском ММЦ – 3, Каа-Хемской ЦКБ – 1, Пий-Хемской ЦКБ – 1, Тандинской ЦКБ – 2, Тес-Хемской ЦКБ – 1, Улуг-Хемском ММЦ – 5, Чеди-Хольской ЦКБ – 6. За весь период вылечено 199 человек с ОРВИ, пневмонией и Covid. Указами Главы Республики Тыва на карантин закрыты территории Монгун-Тайгинского района и село Межегей Тандинского района. В Монгун-Тайгинском районе организовано 4 инфекционно-реанимационных койки c подключением к аппарату ИВЛ. Всего в районе шесть аппаратов ИВЛ. Состояние больных удовлетворительное. Все случаи относятся к внутрисемейным случаям инфицирования. В селе Межегей в настоящее время больных с Covid-19 нет, все доставлены в инфекционный госпиталь в Кызыле. В обсерваторах находится 197 человек.#Стопкоронавирус#Здоровьевприоритете#Оперативнаяобстановка "
2020-05-14,197,18887,46,1,"По данным Управления Роспотребнадзора по РТ и Минздрава РТ в Республике Тыва за весь период проведено 18 887 лабораторных исследований, выявлено 197 случаев заболевания COVID-19 в Республике Тыва. Выписано в связи с выздоровлением 46 пациентов. В активной форме заболевания находится 150 человек. Зафиксирован один случай летальности 68-летней женщины с подтвержденным COVID, имевшей сопутствующие заболевания. Ожидается официальное патологоанатомическое заключение.В реанимационных отделениях двух госпиталей находится шесть пациентов, в том числе четыре человека с подтвержденным COVID-19, которые подключены к кислороду. Подключенных к аппарату ИВЛ нет. Отмечено 56 отягощенных пневмонией случаев.Всего в инфекционных отделениях республики на лечении находится 191 человек.На настоящий момент под наблюдением в обсерваторах находится 196 человек.#Стопкоронавирус#Здоровьевприоритете#Оперативнаяобстановка "
2020-05-13,158,,44,1,"По данным Управления Роспотребнадзора по РТ и Минздрава РТ в Республике Тыва за весь период выявлено 158 случаев заболевания COVID-19 в Республике Тыва. Выписано в связи с выздоровлением 44 пациентов. В активной форме заболевания находится 114 человек. Отмечен один летальный случай пациента c COVID, который поступил из ожогового отделения Ресбольницы №1 в тяжелом состоянии. Причина смерти будет уточнена после патологоанатомической экспертизы.В реанимационных отделениях двух госпиталей находится четыре пациента, все подключены к кислороду. Всего в инфекционных отделениях республики на лечении находится 175 человек.На настоящий момент под наблюдением в обсерваторах находится 196 человек. За весь период в обсерваторах наблюдалось 463 человека.Проведено 18 187 лабораторных исследований. "
2020-05-12,156,,30,,"По данным Управления Роспотребнадзора по РТ и Минздрава РТ в Республике Тыва за весь период выявлено 156 случаев заболевания COVID-19 в Республике Тыва. Выписано в связи с выздоровлением 30 пациентов. В активной форме заболевания находится 126 человек В тяжелом состоянии находится четыре пациента, два человека подключены к ИВЛ-аппаратам, три – к кислороду. Всего в инфекционных отделениях республики на лечении находится 162 пациента с пневмонией, ОРВИ и новой коронавирусной инфекцией.Возраст заболевших составляет от 9 месяцев до 65 лет и старше в том числе 14 детей до 17 лет. На возрастную категорию от 18 до 49 лет приходится 98 случаев, от 50 до 64 лет – 24 случая, старше 65 лет – 8 случаев. Заболевание выявлено в ходе эпидрасследования методом тестирования контактных лиц в 49,3% случаях, после обращения с признаками ОРВИ и пневмонией у 16,7%. На завозные случаи приходится 34% случаев. По результатам отбора анализов в аэропорту города Кызыла выявлено 44 случая, в том числе в обсерваторе после второго отбора анализов - у двух человек. На настоящий момент под наблюдением в обсерваторах находится 212 человек. За весь период в обсерваторах наблюдалось 453 человек.Выдано 2 748 постановлений Главного государственного санитарного врача лицам, направленным на самоизоляцию. Проведено 17 552 лабораторных исследований. "
2020-05-11,144,,29,,"По данным Управления Роспотребнадзора по РТ и Минздрава РТ в Республике Тыва за весь период выявлено 144 случая заболевания COVID-19 в Республике Тыва. Выписано в связи с выздоровлением 29 пациентов. Диагноз COVID-19 не снят у 115 человек. Клиническое течение у большинства больных оценивается как средней тяжести, у 27 человек с COVID-19 заболевание осложнено пневмонией, в том числе у беременной женщины и девятимесячного ребенка. Восемь человек находится в реанимации, четыре – в тяжелом состоянии. Большинство новых случаев выявления за последние 2-3 дня по результатам эпидрасследования отнесены к эпидочагам на рынке «Элбек», автобазе и Ресбольнице №1. Отмечено также обращение больной в психиатрическую больницу. Всего по обращению за медицинской помощью по данным на 10 мая выявлен новый коронавирус у 19,4% заболевших. На посту «Шивилиг» выявлено четыре случая заболевания COVID-19. За весь период в стационарных отделениях находилось 313 человек, из них выписано 162. В инфекционных отделениях медицинских учреждений республики лечится 146 пациентов с респираторными заболеваниями и пневмонией, в том с COVID-19. Под наблюдением в обсерваторах находится 166 человек. За весь период в обсерваторах наблюдалось 409 человек.Проведено 16 967 лабораторных исследований. "
2020-05-10,93,,29,,"По данным Управления Роспотребнадзора по РТ и Минздрава РТ в Республике Тыва за весь период выявлено 93 случая заболевания COVID-19 в Республике Тыва, в том числе у 9 детей. На данный момент на лечении находится 64 пациента с COVID-19, в том числе три ребенка. Выписано в связи с выздоровлением 29 пациентов, в том числе 5 детей. Сегодня к выписке готовится еще пять человек. У 21 человек с COVID-19 заболевание осложнено пневмонией, в том числе у одного установлена двусторонняя пневмония на момент поступления. В реанимации находилось шесть человек, три из них переведены в обычную палату в связи с улучшением состояния. Из ожогового отделения Республиканской больницы №1 переведен один больной с подключением к ИВЛ, у которого выявлен COVID. Ухудшения состояния за сутки наблюдается. Установлено эпидрасследованием, все новые случаи относятся к передаче инфекции на территории республики, за исключением одного прибывшего из Москвы. За весь период в стационарных отделениях находилось 267 человек, из них выписано 162. В инфекционных отделениях медицинских учреждений республики лечится 105 пациентов с респираторными заболеваниями и пневмонией, в том числе контактировавшие в больными COVID-19: в инфекционной больнице – 86, в лечебных организациях кожуунов - 19.Под наблюдением в обсерваторах находится 200 человек. За весь период в обсерваторах наблюдалось 401 человек, снято с наблюдения – 170. По данным на 9 мая выдано 2334 постановлений Главного санитарного врача о необходимости нахождения на самоизоляции, на контроле находилось 3655 человек, снято с наблюдения – 3169 человек. Проведено 16 405 лабораторных исследований. "
2020-05-09,81,,24,,"По данным Управления Роспотребнадзора по РТ и Минздрава РТ в Республике Тыва за весь период выявлен 81 случай заболевания COVID-19 в Республике Тыва. На данный момент на лечении в инфекционной больнице находится 45 больных с COVID-19, готовится к госпитализации 13 человек. Выписано в связи с выздоровлением 24 пациента.У 21 человек с COVID-19 заболевание осложнено пневмонией, в том числе у одного установлена двусторонняя пневмония на момент поступления. В реанимации находилось шесть человек, три из них переведены в обычную палату в связи с улучшением состояния. Положительной динамики без подключения к аппарату ИВЛ удалось добиться благодаря профессионализму врачей. За весь период в стационарных отделениях находилось 233 человека, из них выписано 145. На 10.00 утра 9 мая в инфекционных отделениях медицинских учреждений республики лечится 88 пациента, в том числе в инфекционной больнице – 72, в лечебных организациях кожуунов - 16. Организовано пять обсерваторов, в которых находится 196 человек.Проведено 15829 лабораторных исследований. "
2020-05-08,60,,19,,"По данным Управления Роспотребнадзора по РТ и Минздрава РТ в Республике Тыва за весь период выявлено 60 случаев заболевания COVID-19 в Республике Тыва. На данный момент в республике 41 больной с COVID-19, в том числе три ребенка. Выписано в связи с выздоровлением 19 пациентов.Отмечено всего 22 случая пневмонии, из них 18 человек с COVID-19, два человека в тяжелом состоянии.За весь период в стационарных отделениях находилось 219 человек, из них выписано 135.Сегодня в инфекционных отделениях медицинских учреждений республики лечится 85 пациентов, в том числе в инфекционной больнице республики – 69, в лечебных организациях кожуунов - 16. Пациентов, подключенных к аппаратам ИВЛ нет.Организовано пять обсерваторов, в которых находится 189 человек. Проведено 15327 лабораторных исследований.#Стопкоронавирус #Здоровьевприоритете #Оперативнаяобстановка "
2020-05-07,56,,15,,"По данным Управления Роспотребнадзора по РТ и Минздрава РТ в Республике Тыва общее число лабораторно подтвержденных случаев заболевания COVID-19 в Республике Тыва составило 56 больных. На данный момент в республике 41 больной с COVID-19. Выписано в связи с выздоровлением 15 пациентов. Отмечено всего 22 случая пневмонии, из них 16 человек с COVID-19, в том числе один подросток и одна беременная женщина.За весь период в стационарных отделениях находилось 215 человек, из них выписано 127. Сегодня в инфекционных отделениях медицинских учреждений республики с респираторными заболеваниями лечится 88 пациентов, в том числе в инфекционной больнице республики – 75, в лечебных организациях кожуунов - 13. Пациентов, подключенных к аппаратам ИВЛ нет.В обсерваторах находится 178 человек. За весь период в обсерваторах находилось 308 человек, выписано 149. В работе по выявлению и профилактике задействовано 4500 медицинских работников, в том числе 774 врача, 2517 среднего и 988 младшего медицинского персонала, 221 прочего персонала.#Стопкоронавирус #Здоровьевприоритете #Оперативнаяобстановка "
2020-05-06,55,,15,,"По данным Управления Роспотребнадзора по РТ и Минздрава РТ в Республике Тыва общее число лабораторно подтвержденных случаев заболевания COVID-19 в Республике Тыва составило 55 больных, в том числе семь детей. На данный момент в республике 40 больных с COVID-19. Выписано в связи с выздоровлением 15 пациентов. 85% случаев COVID-19 в республике отнесены к завозным. Два случая отнесены к внутрисемейным заражениям, девять - к местной передаче инфекции.  Отмечено всего 20 случаев пневмонии, из них 15 человек с COVID-19.За весь период в стационарных отделениях вылечено 124 человека с респираторными заболеваниями и пневмонией. Сегодня в инфекционных отделениях медицинских учреждений республики с респираторными заболеваниями лечится 88 пациентов, в том числе в инфекционной больнице республики – 75, в лечебных организациях кожуунов - 13. Пациентов, подключенных к аппаратам ИВЛ нет.В обсерваторах находится 160 человек. Проведено лабораторных 14 363 исследований. "
2020-05-05,51,,14,,"По данным Управления Роспотребнадзора по РТ и Минздрава РТ в Республике Тыва общее число лабораторно подтвержденных случаев заболевания COVID-19 в Республике Тыва составило 51 больных, в том числе семь детей. На данный момент в республике 37 больных с COVID-19. Выписано в связи с выздоровлением 14 пациентов, в том числе три ребенка. За сутки новых случаев COVID-19 не зарегистрировано. Отмечено всего 19 случаев пневмонии, из них 16 человек с COVID-19. За весь период в стационарных отделениях вылечено 122 человека с респираторными заболеваниями и пневмонией. Сегодня в инфекционных отделениях медицинских учреждений республики с респираторными заболеваниями лечится 83 пациента, в том числе в инфекционной больнице республики – 71, в лечебных организациях кожуунов - 12. Пациентов, подключенных к аппаратам ИВЛ нет.В обсерваторах находится 135 человек. За весь период в обсерваторах наблюдались 293 человек. Проведено лабораторных 13 038 исследований.#Стопкоронавирус #Здоровьевприоритете #Оперативнаяобстановка "
2020-05-04,51,,14,,"По данным Управления Роспотребнадзора по РТ и Минздрава РТ в Республике Тыва общее число лабораторно подтвержденных случаев заболевания COVID-19 в Республике Тыва составило 51 больных, в том числе семь детей. На данный момент в республике 37 больных с COVID-19, в том числе четыре ребенка и две беременных женщины. Выписано в связи с выздоровлением 14 пациентов, в том числе три ребенка.Отмечено всего 17 случаев пневмонии, из них 15 человек с COVID-19, один в стабильно-тяжелом и два в тяжелом состоянии. За весь период в стационарных отделениях вылечено 121 человек с респираторными заболеваниями и пневмонией. Сегодня в инфекционных отделениях медицинских учреждений республики с респираторными заболеваниями лечится 77 человек, в том числе в инфекционной больнице республики - 67.В обсерваторах находится 126 человек. Проведено лабораторных 12 571 исследований.#Стопкоронавирус #Здоровьевприоритете #Оперативнаяобстановка "
2020-05-03,47,,14,,"По данным Управления Роспотребнадзора по РТ и Минздрава РТ в Республике Тыва общее число лабораторно подтвержденных случаев заболевания COVID-19 в Республике Тыва составило 47 больных. На данный момент в республике 33 больных с COVID-19, в том числе четыре ребенка. Выписано в связи с выздоровлением 14 пациентов, в том числе три ребенка. За последние сутки в инфекционную больницу поступило четыре человека с лабораторно подтвержденным диагнозом COVID-19. Отмечено 13 случаев COVID-19, осложненных пневмонией, в том числе в стабильно-тяжелом состоянии находится два человека. Подключения аппаратов ИВЛ не требуется. Всего в инфекционных отделениях медицинских учреждений республики с респираторными заболеваниями находится 78 человек, в том числе в инфекционной больнице республики 64, включая девять детей. В обсерваторах находится 99 человек. Проведено лабораторных 11 318 исследований.#Стопкоронавирус #Здоровьевприоритете #Оперативнаяобстановка "
2020-05-02,43,,12,,"По данным Управления Роспотребнадзора по РТ и Минздрава РТ в Республике Тыва общее число лабораторно подтвержденных случаев заболевания COVID-19 в Республике Тыва составило 43 человека, в том числе семь детей. На данный момент в республике 31 больной с COVID-19, в том числе четыре ребенка. Выписано в связи с выздоровлением 12 пациентов, в том числе три ребенка. За последние сутки в инфекционную больницу поступило три человека с лабораторно подтвержденным диагнозом COVID-19.Всего в инфекционных отделениях медицинских учреждений республики с респираторными заболеваниями находится 70 человек, в районах – 10. За весь период было госпитализировано 179 человек с респираторными заболеваниями, выписано 109.В обсерваторах находится 96 человек. За весь период в обсерваторах наблюдалось 259 человек, выписано 145. Проведено лабораторных 10 934 исследований. "
2020-05-01,40,,,,"По данным Управления Роспотребнадзора по РТ и Минздрава РТ в Республике Тыва общее число лабораторно подтвержденных случаев заболевания COVID-19 в Республике Тыва составило 40 человек, из них 12 выписаны в связи с выздоровлением. За последние сутки выписано из инфекционной больницы два человека после выздоровления от новой коронавирусной инфекции, один из них – после осложненной пневмонией формы.На данный момент в республике 28 больных COVID-19, в том числе четыре ребенка. Всего в инфекционных отделениях медицинских учреждений республики с респираторными заболеваниями находится 69 человек, в районах – 10, детей - 9. За весь период было госпитализировано 177 человек с респираторными заболеваниями, выписано 107.В трех обсерваторах под наблюдением находится 85 человек. За весь период в обесерваторах наблюдались 242 человека, сняты с наблюдения – 146.Проведено за весь период 10 490 лабораторных исследований.#Стопкоронавирус #Здоровьевприоритете #Оперативнаяобстановка "
2020-04-30,39,,10,,"По данным Управления Роспотребнадзора по РТ и Минздрава РТ в Республике Тыва общее число лабораторно подтвержденных случаев заболевания COVID-19 в Республике Тыва составило 39 человека, из них 10 сняты с наблюдения в связи с выздоровлением. За последние сутки выписан из инфекционной больницы один человек после выздоровления от новой коронавирусной инфекции.На данный момент в республике 29 больных COVID-19, в том числе 4 ребенка. Всего в инфекционных отделениях медицинских учреждений республики находится 70 человека, в районах – 10, детей - 9. За весь период было госпитализировано 176 человек с респираторными заболеваниями, выписано 106. В трех обсерваторах под наблюдением находится 99 человек: за сутки переведены в инфекционную больницу два человека. За весь период в обесерваторах наблюдались 241 человек, сняты с наблюдения – 142. Проведено за весь период 9091 лабораторных исследований. "
2020-04-29,34,,9,,"По данным Управления Роспотребнадзора по РТ и Минздрава РТ в Республике Тыва общее число лабораторно подтвержденных случаев заболевания COVID-19 в Республике Тыва составило 34 человека, из них 9 сняты с наблюдения в связи с выздоровлением. За последние сутки зарегистрировано три случая COVID-19, выписан из инфекционной больницы один человек после выздоровления от новой коронавирусной инфекции.На данный момент в республике 25 больных COVID-19. Один из новых случаев инфицирования относится к числу прямых контактов одной из ранее упомянутых работниц Перинатального центра Хакасии, госпитализированной в инфекционную больницу из Тандынского кожууна. Всего у нее было выявлено 40 контактов, по всем остальным получены отрицательные результаты. У другой пациентки, выехавшей из Абакана в Ак-Довурак, было всего 16 прямых контактов, все прошли лабораторное исследование, результаты отрицательные. Всего в инфекционных отделениях медицинских учреждений республики находится 63 человека, в районах – 10. За весь период было госпитализировано 166 человек с респираторными заболеваниями, выписано 103.В трех обсерваторах Кызыла находится 103 человека. За весь период было обсервировано 241, выписано 138 человек. Проведено 8696 лабораторных исследований.#Стопкоронавирус#Здоровьевприоритете#Оперативнаяобстановка "
2020-04-28,31,,8,,"По данным Управления Роспотребнадзора по РТ и Минздрава РТ в Республике Тыва общее число лабораторно подтвержденных случаев заболевания COVID-19 в Республике Тыва составил 31 человек, выздоровело 8 человек. Новых случаев заболевания за последние сутки не зарегистрировано. Выписано из инфекционной больницы два человека после выздоровления, в том числе один ребенок. На данный момент 23 больных COVID-19.В Инфекционной больнице на лечении находится 46 пациентов с респираторными заболеваниями, в том числе семь детей. Из них лабораторное подтверждение COVID-19 определено у 23 пациентов, у восьми из них пневмония.Всего в инфекционных отделениях медицинских учреждений республики находится 57 человек, в районах – 11. За весь период было госпитализировано 155 человек, выписано 98 человек.Всего для прибывающих организовано три обсерватора, в которые размещено 105 человек. Поступило за сутки 75 человек, в том числе с прибывшего вчера авиарейса Москва-Кызыл, выписано – 2. Проведено 8093 лабораторных исследований. #Стопкоронавирус #Здоровьевприоритете #Оперативнаяобстановка "
2020-04-27,31,,,,"По данным Управления Роспотребнадзора по РТ и Минздрава РТ в Республике Тыва общее число лабораторно подтвержденных случаев заболевания COVID-19 в Республике Тыва составил 31 человек, выздоровело 6 человек. Новых случаев заболевания за последние сутки не зарегистрировано. Число инфицированных на данный момент составляет 25 человек. Сняты с медицинского наблюдения в связи выздоровлением шесть человек в Тоджинском кожууне. Режим изоляции и строгого соблюдения всех противоэпидемических мер в Тоджинском кожууне и в целом по Республике Тыва сохраняется. В Инфекционной больнице на лечении находится 48 пациентов с респираторными заболеваниями, в том числе семь детей. Из них лабораторное подтверждение COVID-19 определено у 25 пациентов, у семи из них пневмония. Всего в инфекционных отделениях медицинских учреждений республики находится 63 человека, в районах – 15. За весь период было госпитализировано 152 человека, выписано 95 человек. В обсерваторах находится 32 человека. За весь период в обсерваторах находились 165, снято с наблюдения 133 человек. Проведено 7685 лабораторных исследований. В Министерстве здравоохранения имеется 196 наборов тест-систем на 19640 исследований. В вирусологической лаборатории Центра гигиены и эпидемиологии имеется 162 наборов тест-систем на проведение 16 252 исследований.#Стопкоронавирус #Здоровьевприоритете #Оперативнаяобстановка "
2020-04-26,31,,,,"По данным Управления Роспотребнадзора по РТ и Минздрава РТ зарегистрирован 31 случай заболевания.В Инфекционной больнице на лечении находится 46 пациентов с респираторными заболеваниями. Из них лабораторное подтверждение COVID-19 определено у 25 пациентов, у семи из них пневмония. Шесть человек находится в Тоджинском кожууне, состояние здоровья - без осложнений. Всего в инфекционных отделениях медицинских учреждений республики находится 62 человек, в районах – 16. В обсерваторах находится 38 человек. Проведено 7133 лабораторных исследований. В Министерстве здравоохранения имеется 2382 тест-систем. "
2020-04-25,27,,,,"По данным Управления Роспотребнадзора по РТ и Минздрава РТ зарегистрировано 27 случаев заболевания. В селе Ырбан Тоджинского кожууна остаются под медицинским наблюдением пять человек, одна пациентка в Тоджинской ЦКБ.В Инфекционной больнице на лечении находится 41 пациент с респираторными заболеваниями. Из них лабораторное подтверждение COVID-19 определено у 21 пациента, в том числе трех детей. Всего новый коронавирус выявлен у пяти детей, включая двух ребятишек с Ырбана. Все новые случаи заболевания касаются пассажиров авиарейса Москва-Кызыл, кроме двух человек, которые приехали из города Абакана. Они работали в Перинатальном центра города Абакана, госпитализированы в Республиканскую инфекционную больницу после поступления сигнала по эстафетной линии от Управления Роспотребнадзора по Республике Хакасия о контакте с носителем инфекции. Госпитализированы из города Ак-Довурак и Тандынского кожууна, где пациенты находились на момент поступления сигнала. Все меры по локализации инфекции начаты. Окончательный диагноз будет подтвержден или опровергнут после получения результатов контрольных исследований. В инфекционных отделениях медицинских организаций районов находится 13 человек, в том числе 3 ребенка. За весь период в обсерваторах города Кызыла находилось 177 человек.Проведено 6935 лабораторных исследований. "
2020-04-24,15,,,,"По данным Управления Роспотребнадзора по РТ и Минздрава РТ зарегистрировано 15 случаев заболевания. 10 из них находятся в инфекционных стационарных отделениях: один пациент в Тоджинской ЦКБ, девять – в Республиканской инфекционной больнице. Пять человек по прежнему находятся на домашнем наблюдении в селе Ырбан. Всего в инфекционной больнице находится 40 человек, в районах – 14, в том числе 45 взрослых и 9 детей. Исследования по прибывшим вчера и сегодня пассажирам авиарейса Москва-Кызыл в работе. За весь период в стационарных отделениях получали лечение 142 человека, снято с наблюдения – 88 человек. Из обсерваторов за последние сутки выписано 10 человек, всего под наблюдением в условиях обсерватора находится 37 человек. За весь период в обсерваторах города Кызыла находилось 177 человек. Проведено 6479 лабораторных исследований. Развернуто всего 327 госпитальных мест в рамках готовности к угрозе нового коронавируса, в том числе 35 реанимационных, 115 коек – с доступом к кислороду. Дополнительно на ремонт направлено 11 аппаратов ИВЛ, в ближайшее время ожидается поставка 25 ИВЛ аппаратов. На горячую линия Единого колл-центра поступило с 27 марта 4 824 звона, за последние сутки – 198. "
2020-04-23,15,,,,"По данным Управления Роспотребнадзора по РТ и Минздрава РТ зарегистрировано 15 случаев заболевания.В селе Ырбан под наблюдением врача находится пять человек, состояние у всех удовлетворительное. Один пациент находится в Тоджинской ЦКБ в удовлетворительном состоянии. Девять человек с лабораторно-подтвержденным диагнозом COVID-19 находится в инфекционной больнице республики, в том числе три - с диагнозом пневмония. Остальные шесть в удовлетворительном состоянии. Нуждающихся в подключении к аппарату ИВЛ нет. Один пациент прибыл из Москвы 10 апреля: первый отбор анализов был отрицательный, второй этап показал положительный результат. Всего за последние сутки в инфекционные отделения поступило четыре человека с респираторными заболеваниями, в том числе – три в инфекционную больницу.В инфекционных отделениях медицинских организаций находится 39 человек, в том числе в медицинских организациях районов – 12 человек. С начала эпидсезона по коронавирусу в инфекционные отделения лечебных организаций республики было госпитализировано 127, выписано 88 пациентов.А обсерваторах находится 52 человека, в том числе 26 жителей города Кызыла: на базе наркологического диспансера – 29, республиканского лицея – 23. Проведено 6 119 лабораторных исследований. "
2020-04-22,14,,,,"Актуальная информация в Республике Тыва по коронавирусу на 22.04.2020г.По данным Управления Роспотребнадзора по РТ и Минздрава РТ зарегистрировано 14 случаев заболевания.В селе Ырбан под наблюдением врача находится пять человек, состояние у всех удовлетворительное. Снижение числа зарегистрированных случаев произошло за счет исключения одного случая подозрения на заболевание коронавирусом по результатам контрольных исследований. Пациент, который находится в Тоджинской ЦКБ готовится к выписке на наблюдение в домашних условиях. В Республиканской инфекционной больнице с лабораторно-подтвержденным диагнозом COVID19 находится восемь человек.Всего с респираторными заболеваниями на лечении в стационарных условиях в Республиканской инфекционной больнице находится 24, в медицинских организациях кожуунов – 14 человек.С начала эпидсезона по коронавирусу в инфекционные отделения лечебных организаций республики было госпитализировано 123, выписано 85 пациента. В обсервации находится 34 человека.В лабораториях трех медицинских учреждений с 21 апреля проведено 1565 исследований на наличие коровируса у граждан без видимых признаков заболевания. В наличии в Министерстве здравоохранения имеется 580 тес-систем. На базе вирусологической лаборатории ФБУЗ «Центр гигиены и эпидемиологии в РТ» со 2 марта проведено 3927 определений, в наличии тест-систем на 16 500 определений. "
2020-04-21,15,,,,"По данным Управления Роспотребнадзора по Республике Тыва и Министерства здравоохранения Республики Тыва на 21.04.2020г.в республике зарегистрировано 15 лабораторно-подтвержденных случаев нового коронавируса: семь человек в селе Ырбан находятся под наблюдением врача в домашних условиях, один – в Тоджинской ЦКБ и восемь человек в Инфекционной больнице.Всего в инфекционной больнице республики находится 26 пациентов с признаками респираторных заболеваний, в центральных районных больницах и ММЦ – 13. За весь период в рамках противодействия новому коронавирусу в стационарных инфекционных отделениях медицинских организаций наблюдалось 122 человек, в том числе 19 детей. Выписан 81 человек.За весь период в двух обсерваторах города Кызыла находилось 79 человек, четыре пациента переведены в Республиканскую инфекционную больницу, содержатся в обсерваторах 30, остальные сняты с наблюдения. С 19 апреля в лабораториях трех медицинских организаций проведено 1474 исследований, за последние сутки – 94. В вирусологической лаборатории Центра гигиены и эпидемиологии со 2 марта проведено 2390 исследований. "
2020-04-20,15,,,,"По данным Управления Роспотребнадзора по Республике Тыва и Министерства здравоохранения Республики Тыва на 20.04.2020г.в республике зарегистрировано 15 лабораторно-подтвержденных случаев нового коронавируса: семь человек в селе Ырбан находятся под наблюдением врача в домашних условиях, один – в Тоджинской ЦКБ и семь человек в Инфекционной больнице.Всего в инфекционной больнице республики находится 22 человека с признаками респираторных заболеваний, в районных больницах и ММЦ – семь. За весь период в рамках противодействия новому коронавирусу в стационарных инфекционных отделениях медицинских организаций наблюдалось 115 человек, 81 из них выписаны.В обсерваторе на базе Наркодиспансера находится 25 человек, на базе республиканского лицея – пять человек. За весь период в Кызыле было изолировано в обсерваторе 79 человек, снято с наблюдения – 54 человека. Всего организованы для граждан обсерваторы на базе Наркодиспансера, Республиканского лицея, Республиканского центра медицинской профилактики всего на 190 мест. С 19 апреля в лабораториях медицинских организаций проведено 1380 исследований, за последние сутки – 188. В вирусологической лаборатории Центра гигиены и эпидемиологии со 2 марта проведено 2156 исследований.На постах Ак и Шивилиг осмотрено тепловизорами 19 810 человек. В работе на постах задействованы медицинские работники Пий-Хемской ЦКБ, Управления Роспотребнадзора, Барун-Хемчикского ММЦ, Правительства РТ и Министерства здравоохранения, Ростехнадзора, служб ЖКХ Пий-Хемского и Барун-Хемчикского кожуунов, МВД по РТ. В аэропорту города Кызыла с 24 марта осмотрено 1903 человека с 45 авиарейсов. "
2020-04-19,13,,,,"По данным и Министерства здравоохранения Республики Тыва и Управления Роспотребнадзора по Республике Тыва на 19.04.2020г.в республике зарегистрировано 13 лабораторно-подтвержденных случаев нового коронавируса: пять человек в селе Ырбан находятся под наблюдением врача в домашних условиях, один – в Тоджинской ЦКБ и семь человек в Инфекционной больнице. Всего в инфекционной больнице республики находится 25 человек, в районных больницах и ММЦ – 13. За весь период в рамках противодействия новому коронавирусу в стационарных инфекционных отделениях медицинских организаций наблюдалось 112 человек, 74 из них выписаны.Организовано два обсерватора для людей, контактировавших с лицами, у которых лабораторно подтвержден COVID-19, а также прибывающих из наиболее неблагоприятных по новому коронавирусу территорий. Для медицинских работников, работающих с инфицированными пациентами, создано два обсерватора. "
2020-04-18,13,,,,"По данным и Министерства здравоохранения Республики Тыва и Управления Роспотребнадзора по Республике Тыва на 18.04.2020г.в республике зарегистрировано 13 лабораторно-подтвержденных случаев нового коронавируса: пять человек в селе Ырбан продолжают находиться под наблюдением врача в домашних условиях, один – в Тоджинской ЦКБ и семь человек в Инфекционной больнице. У одного пациента наблюдается кашель, у всех остальных - удовлетворительное.Всего в инфекционной больнице республики находится 16 человек, в районных больницах и ММЦ – 13 человек. За весь период в рамках противодействия новому коронавирусу в стационарных инфекционных отделениях медицинских организаций наблюдалось 103 человека, 74 из них выписаны.В обсерваторе на базе наркологического диспансера находится 37 человек, на базе общежития Республиканского лицея – 55. Семья из пяти человек по предписанию Управления Роспотребнадзора отправлена на самоизоляцию на дом. Соблюдение режима контролируется. Есть пассажиры, которые прибыли из федеральных клиник после получения высокотехнологичной и специализированной медицинской помощи, которые также были госпитализированы. "
2020-04-17,9,,,,"Актуальная информация в Республике Тыва по коронавирусу на 17.04.2020г.По данным Управления Роспотребнадзора по РТ и Минздрава РТ в республике зарегистрировано девять лабораторно-подтвержденных случаев нового коронавируса. Пять человек находится под наблюдением в селе Ырбан, один – в Тоджинской ЦКБ. Самочувствие у всех удовлетворительное, без признаков респираторных заболеваний и других жалоб на состояние здоровья. В Республиканской инфекционной больнице находится три человека. Подтверждение вирусологической лаборатории Центра гигиены и эпидемиологии получено в отношении женщины, прибывшей из Москвы на поезде через Абакан. Женщина проживает дома одна, круг контактных лиц установлен и проводится дальнейшая работа. Сведения о выявлении заболевания у пассажира поезда, прибывшего в Абакан, переданы в Управления Роспотребнадзора по Республике Хакасия для проведения необходимых мер. Состояние всех трех пациентов с подтвержденным диагнозом COVID-19 удовлетворительное, жалоб нет. Всего в инфекционной больнице республики находится 13 человек, в районных больницах и ММЦ – 12 человек. За весь период в рамках противодействия новому коронавирусу в стационарных инфекционных отделениях медицинских организаций наблюдалось 97 человек, 72 из них выписаны. В обсерваторе на базе наркологического диспансера находится 33 человека. В обсерватор, организованном на базе общежития Республиканского лицея, размещены все 69 пассажиров прибывшего сегодня утром авиарейса Москва-Кызыл после отбора лабораторных анализов. В лабораториях трех медицинских организаций проведено всего 816 исследований, в том числе исследовано 203 проб, доставленных из кожуунов. В ФБУЗ «Центр гигиены и эпидемиологии РТ» проведено 2979 исследований.На самоизоляции под наблюдением находится 1599 человек, снято с наблюдения 1297 человек. "
2020-04-16,8,,,,"Актуальная информация в Республике Тыва по коронавирусу на 16.04.2020г.По данным Управления Роспотребнадзора по РТ и Минздрава РТ в республике зарегистрировано восемь лабораторно-подтвержденных случаев нового коронавируса. Один пациент госпитализирован в Тоджинскую центральную кожуунную больницу с жалобами на потерю чувства обоняния. Пять человек, в том числе два ребенка продолжают оставаться в изоляции в домашних условиях под наблюдением врача-инфекциониста. Самочувствие у всех удовлетворительное, без признаков респираторных заболеваний и других жалоб на состояние здоровья. Проводится работа для повторного отбора анализов у контактных лиц в Тоджинском районе в соответствие установленным срокам.Вчера появились признаки респираторного заболевания у человека, находившегося на самоизолировании по предписанию Управления Роспотребнадзора. После поступления звонка на единую горячую линию, женщина госпитализирована, проводится лечение. Результаты лабораторного тестирования ожидаются.  С начала эпидсезона по коронавирусу в Республиканскую инфекционную больницу с признаками ОРВИ госпитализирован 61 человек, выписано 46 с отрицательными результатами анализов на новый коронавирус. В настоящее время на стационарном лечении в Республиканской инфекционной больнице находится 15 человек.В инфекционные отделения медицинских организаций республики с 29 января было госпитализировано 92 человека. Выписано 69 пациентов с отрицательными результатами анализов на COVID-19, всего на госпитализации в медицинских организациях республики в настоящее время находится 23 пациента: в Бай-Тайгинской ЦКБ один, Эрзинской – два, Тандынской – три, Тоджинской - один Барун-Хемчикском ММЦ – один. В обсервацию за последние сутки поступило два человека, выписано два, остается под наблюдением 34 человека. В лабораториях трех медицинских организаций проведено всего 730 исследований, в том числе исследовано 175 проб, привезенных из кожуунов. В ФБУЗ «Центр гигиены и эпидемиологии РТ» проведено 2904 исследований.На самоизоляции под наблюдением находится 1378 человек, снято с наблюдения 1159 человек. По эстафетной линии Роспотребнадзора России и МВД отслеживается пассажиропоток прибывающих в республику по авиа и железнодорожной линии через близлежащие города. "
2020-04-15,6,,,,"Актуальная информация в Республике Тыва по коронавирусу на 15.04.2020г.По данным Управления Роспотребнадзора по РТ и Минздрава РТ в республике зарегистрировано шесть лабораторно-подтвержденных случаев нового коронавируса. Один пациент госпитализирован в Тоджинскую центральную кожуунную больницу с жалобами на потерю чувства обоняния. Пять человек, в том числе два ребенка продолжают оставаться в изоляции под наблюдением врача-инфекциониста. Самочувствие у всех удовлетворительное, без признаков респираторных заболеваний и других жалоб на состояние здоровья.С начала эпидсезона по коронавирусу в Республиканскую инфекционную больницу с признаками ОРВИ госпитализировано 58 человек, выписано 44 человек с отрицательными результатами анализов на новый коронавирус. За последние сутки в Инфекционную больницу поступили два человека с рейса Москва-Кызыл с признаками респираторных заболеваний. Анализы находятся в работе. Всего на стационарном лечении в Республиканской инфекционной больнице находится 14 человек.В инфекционные отделения медицинских организаций республики с начала сезона эпиднапряжения по новой коронавирусной инфекции было госпитализировано 88 человек, в том числе в Бай-Тайгинской ЦКБ один, Эзинской – два, Тандынской – три, Барун-Хемчикском ММЦ – один. Выписано 67 пациентов с отрицательными результатами анализов на COVID-19, всего на госпитализации в медицинских организациях республики в настоящее время находится 21 человек.В обсервацию за последние сутки никого не поступало, выписано три, остается под наблюдением 34 человека. "
2020-04-14,6,,,,"Актуальная информация в Республике Тыва по коронавирусу на 14.04.2020г. По данным Управления Роспотребнадзора по РТ и Минздрава РТ в республике зарегистрировано шесть лабораторно-подтвержденных случаев нового коронавируса. С начала эпидсезона по коронавирусу в Республиканскую инфекционную больницу с признаками ОРВИ госпитализировано 55 человек, выписано 43 человек с отрицательными результатами анализов на новый коронавирус. На стационарном лечении в Республиканской инфекционной больнице находится 12 человек. Всего в инфекционные отделения лечебных организаций республики с начала сезона эпиднапряжения по новой коронавирусной инфекции было госпитализировано 85 человека, в том числе 13 детей. Выписано 66 пациентов с отрицательными результатами анализов на COVID-19, на госпитализации в медицинских организациях республики находится 19 человек. В обсервации находится 37 человек. "
2020-04-13,6,,,,"Эпидситуация по новому коронавирусу на 13 апреляАктуальная информация в Республике Тыва по коронавирусу на 13.04.2020г. По данным Управления Роспотребнадзора по РТ и Минздрава РТ в республике зарегистрировано шесть лабораторно-подтвержденных случаев нового коронавируса. Наблюдение за носителями инфекции проводится с двухкратным осмотром в день: ни у одного из них никаких клинических проявлений заболевания не наблюдается. С начала эпидсезона по коронавирусу в Республиканскую инфекционную больницу с признаками ОРВИ госпитализировано 52 человека, выписано 38 человек с отрицательными результатами анализов на новый коронавирус. На стационарном лечении в Республиканской инфекционной больнице находится 14 человек. Изолированы четыре медицинских работника – медсестры, проводившие забор анализов у контактных лиц в Тоджинском кожууне, фельдшер скорой медицинской помощи, прилетевший из Тоджи и водитель скорой помощи, который встретил их в аэропорту. Тест-анализы по трем из них дали отрицательные результаты, по одному из них – остаются в работе. Медицинские работники останутся в изоляции до отбора второго этапа анализов и до истечения 14 карантинных дней. Всего в инфекционные отделения лечебных организаций республики с начала сезона эпиднапряжения по новой коронавирусной инфекции было госпитализировано 82 человека, в том числе 12 детей. Выписано 58 пациентов с отрицательными результатами анализов на COVID-19, на госпитализации в медицинских организациях республики находится 24 человека. На утро 13 апреля в обсервации находится 31 человек. Всего с начала функционирования обсерватора, организованного на базе Республиканского наркодиспансера, размещено 60 человек, выписано 29, на самоизоляцию направлено 34 человека.#СТОПкоронавирус #Здоровьевприоритете #Оперативнаяобстановкапокоронавирусу "
2020-04-10,9,2305,,,"Актуальная информация в Республике Тыва по коронавирусу на 10.04.2020г.По данным Управления Роспотребнадзора по РТ и Минздрава РТ зарегистрировано 9 случаев инфицирования среди жителей села Ырбан Тоджинского района. Ввиду отсутствия клинических проявлений заболевания все они находятся под наблюдением врачей в изолированных домашних условиях. Это допустимо в соответствие методическим рекомендациям Минздрава России по профилактике коронавирусной инфекции. Осмотр наблюдаемых проводится два раза в день.С начала эпидсезона по коронавирусу в Республиканскую инфекционную больницу с признаками ОРВИ госпитализировано 48 прибывших из неблагополучных по COVID-19 зон, из них 36 выписаны с отрицательными результатами анализов, под медицинским наблюдением в инфекционной больнице находится 12 человек.Всего в инфекционные отделения лечебных организаций республики с начала сезона эпиднапряжения по новой коронавирусной инфекции было госпитализировано 77 человек, выписаны 53 пациента, на данный час на госпитализации в медицинских организациях республики находится 24 человека. В обсервации находится 21 человек. Всего с момента организации обсерватора на базе Наркодиспансера изолировано 39 человек, выписано 18, на самоизоляцию направлено 34 человека.Всего с начала года в проведено 2305 лабораторных исследований, в том числе в Тоджинском кожууне 218 исследований. "
2020-04-09,,,30,,"Актуальная информация в Республике Тыва по коронавирусу на 10.00 ч. 09.04.2020г.По данным Управления Роспотребнадзора по РТ и Минздрава РТ pарегистрировано 8 случаев заболевания.С начала эпидсезона по коронавирусу в ГБУЗ РТ «Инфекционная больница» с признаками ОРВИ госпитализировано 47 человек, из них 30 выписаны с отрицательными результатами анализов, под медицинским наблюдением в инфекционной больнице находится 17 человек.Всего в инфекционные отделения лечебных организаций республики с начала сезона эпиднапряжения по новой коронавирусной инфекции было госпитализировано 75 человек, выписаны 43 человека, на данный час на госпитализации в медицинских организациях республики находится 32 человека.В обсервации находится 21 человек. За последние сутки размещено в обсервацию один человек. Всего с момента организации обсерватора на базе Наркодиспансера изолировано 38 человек, выписано 17, на самоизоляцию направлено 34 человека. "
2020-04-08,,,27,,"Актуальная информация в Республике Тыва по коронавирусуна 11.00 ч. 08.04.2020г. по данным Управления Роспотребнадзора по РТ и Минздрава РТ pарегистрировано 0 случаев заболевания.С начала эпидсезона по коронавирусу в ГБУЗ РТ «Инфекционная больница» госпитализировано 45 человека, из них 27 выписаны, под медицинским наблюдением в инфекционной больнице находится 18 человек.Всего в инфекционные отделения лечебных организаций республики с начала сезона эпиднапряжения по новой коронавирусной инфекции было госпитализировано 71 человек, на данный час на госпитализации в медицинских организациях республики находится 32 человека.В обсервации находится 20 человек. За последние сутки размещено в обсервацию три человека, выписаны двое. Всего с момента организации обсерватора на базе Наркодиспансера изолировано 37 человека, выписано 17, на самоизоляцию направлено 32 человек. "
2020-04-07,,,26,,"Актуальная информация в Республике Тыва по коронавирусу на 11.00 ч. 07.04.2020г. по данным Управления Роспотребнадзора по РТ и Минздрава РТ pарегистрировано 0 случаев заболевания.С начала эпидсезона по коронавирусу в ГБУЗ РТ «Инфекционная больница» госпитализировано 44 человека, из них 26 выписаны, под медицинским наблюдением в инфекционной больнице находится 19 человек.Всего в инфекционные отделения лечебных организаций республики с начала сезона эпиднапряжения по новой коронавирусной инфекции был госпитализирован 71 человек, на данный час на госпитализации находится 37 человек.В обсервации находится 19 человек. За последние сутки размещено в обсервацию четыре человека. Всего с момента организации обсерватора на базе Наркодиспансера изолировано 34 человека, выписано 15, на самоизоляцию направлено 29 человек.Проверен 101 пассажир авиарейса Москва-Кызыл, лабораторные анализы всех пассажиров показали отрицательные результаты. "
2020-04-06,,,25,,"Актуальная информация в Республике Тыва по коронавирусуна 11.00 ч. 06.04.2020г.по данным Управления Роспотребнадзора по РТ и Минздрава РТЗарегистрировано 0 случаев заболевания.С начала эпидсезона по коронавирусу в ГБУЗ РТ «Инфекционная больница» госпитализировано 39 человек, из них 25 выписаны, под медицинским наблюдением в инфекционной больнице находится 14 человека.Всего в инфекционных отделениях лечебных организаций республики на данный час находится 32 человека, в том числе в ГБУЗ РТ «Бай-Тайгинская ЦКБ» - 6, ГБУЗ РТ «Барун-Хемчикский ММЦ» - 2 чел., ГБУЗ РТ «Эрзинская ЦКБ» - 4, ГБУЗ РТ «Чеди-Хольская ЦКБ» - 0, «Улуг-Хемский ММЦ- 5, Дзун-Хемчикском ММЦ - 1.В обсервации находится 16 человек. "
2020-04-05,,,25,,"Актуальная информация в Республике Тыва по коронавирусуна 11.00 ч. 04.04.2020г.по данным Управления Роспотребнадзора по РТ и Минздрава РТЗарегистрировано 0 случаев заболевания.С начала эпидсезона по коронавирусу в ГБУЗ РТ «Инфекционная больница» госпитализировано 39 человек, из них 25 выписаны, остаются в инфекционной больнице - 14 человек.За сутки выписано по два пациента из Инфекционной больницы республики, Чеди-Хольской ЦКБ, госпитализировано в инфекционное отделение Бай-Тайгинской ЦКБ два человека. Сегодня на стационарном лечении находятся в ГБУЗ РТ «Бай-Тайгинская ЦКБ» - 6, ГБУЗ РТ «Барун-Хемчикский ММЦ» - 5 чел., ГБУЗ РТ «Эрзинская ЦКБ» - 4, ГБУЗ РТ «Чеди-Хольская ЦКБ» - 0, «Улуг-Хемский ММЦ- 5, Дзун-Хемчикском ММЦ - 2.Всего в республике в стационарных отделениях с признаками респираторных заболеваний находится 36 человек.В обсервацию за сутки поступило 3 человека прибывших из Индонезии и Москвы и не имеющих условий для самоизоляции. С начала периода эпиднеблагополучия размещено всего 83 человека, выписано 68 по истечению периода изоляции с отрицательными результатами анализов на COVID-19, остаются в обсервации 15 человек. "
2020-04-04,,,25,,"Актуальная информация в Республике Тыва по коронавирусуна 11.00 ч. 04.04.2020г.по данным Управления Роспотребнадзора по РТ и Минздрава РТЗарегистрировано 0 случаев заболевания.С начала эпидсезона по коронавирусу в ГБУЗ РТ «Инфекционная больница» госпитализировано 39 человек, из них 25 выписаны, остаются в инфекционной больнице - 14 человек.За сутки выписано по два пациента из Инфекционной больницы республики, Чеди-Хольской ЦКБ, госпитализировано в инфекционное отделение Бай-Тайгинской ЦКБ два человека. Сегодня на стационарном лечении находятся в ГБУЗ РТ «Бай-Тайгинская ЦКБ» - 6, ГБУЗ РТ «Барун-Хемчикский ММЦ» - 5 чел., ГБУЗ РТ «Эрзинская ЦКБ» - 4, ГБУЗ РТ «Чеди-Хольская ЦКБ» - 0, «Улуг-Хемский ММЦ- 5, Дзун-Хемчикском ММЦ - 2. Всего в республике в стационарных отделениях с признаками респираторных заболеваний находится 36 человек.В обсервацию за сутки поступило 3 человека прибывших из Индонезии и Москвы и не имеющих условий для самоизоляции. С начала периода эпиднеблагополучия размещено всего 83 человека, выписано 68 по истечению периода изоляции с отрицательными результатами анализов на COVID-19, остаются в обсервации 15 человек. "
